"name","tp","tn","fp","fn","accuracy","f1_macro"
"x-ai/grok-3-beta - one-shot",632,7702,0,184,0.978398685137356,0.917826055352632
"anthropic/claude-sonnet-4 - one-shot",559,7700,2,257,0.969593801361822,0.861775674125072
"anthropic/claude-sonnet-4 - two-shot",584,7699,3,232,0.972411364169993,0.853182209356908
"openai/gpt-4.1 - one-shot",407,7651,2,403,0.952144629563984,0.796613474823575
"openai/gpt-4.1 - two-shot",305,7700,2,511,0.939774594975346,0.696118239190528
"meta-llama/llama-3.3-70b-instruct - one-shot",114,6931,13,650,0.913985469641931,0.39854095111238
"meta-llama/llama-3.3-70b-instruct - two-shot",92,7457,8,693,0.915030303030303,0.381419925829864
